{"Headlights in Hangul": 1774304608.7701137, "Han River Idle": 1774407887.2556162, "Forgotten On The FM": 1774304649.6432712, "Nothing's Changed But Us": 1774304661.5754771, "Convenience Store Glow": 1774304677.8311613, "Tracing Your Name": 1774304691.924385, "Underpass Echoes": 1774304793.256614, "Forgotten Radio Glow": 1774304808.7535992, "Long Way Home": 1774320713.035081, "Rain On My Hoodie": 1774407855.6559362, "Red Light, Slow Night": 1774407901.9470413}